row_id,target,branch_id,shape,status,family,category,raw_category,assigned_round,first_validated_date
1,bloaty,7,i2s_vp__LWL,validated,I2S-P,i2s_numeric_tag_substitution,i2s_exact_literal_gate,0,2026-06-13
2,bloaty,10,i2s_vp_W_WL,validated,I2S-P,i2s_numeric_tag_substitution,i2s_fixed_offset_literal_substitution,0,2026-06-14
3,bloaty,11,i2s_vp__W_L,inconclusive,VP-P,inconclusive,-,-,-
4,bloaty,13,i2s_vp_WLWL,validated,I2S-P,i2s_string_literal_substitution,i2s_fixed_offset_literal_value_gate,0,2026-06-13
5,bloaty,34,i2s_vp_WL_L,validated,I2S-P,i2s_numeric_tag_substitution,i2s_exact_literal_constant_gate,0,2026-06-14
6,bloaty,57,i2s_vp_WW_L,validated,VP-P,vp_gradient_value_distance_closure,parallel_hamming_gradient_value_closure,2,2026-06-18
7,bloaty,59,i2s_vp_W_WL,validated,I2S-P,i2s_numeric_tag_substitution,i2s_fixed_offset_literal_substitution,0,2026-06-14
8,bloaty,63,i2s_vp_W_WL,validated,I2S-P,i2s_numeric_tag_substitution,i2s_fixed_offset_literal_substitution,0,2026-06-14
9,bloaty,77,i2s_vp_W_WL,validated,I2S-P,i2s_numeric_tag_substitution,i2s_fixed_offset_literal_substitution,0,2026-06-14
10,bloaty,81,i2s_vp_W_WL,validated,I2S-P,i2s_numeric_tag_substitution,i2s_fixed_offset_literal_substitution,0,2026-06-14
11,bloaty,87,i2s_vp_W_WL,validated,I2S-P,i2s_string_literal_substitution,i2s_structural_assembly_depth,2,2026-06-18
12,bloaty,90,i2s_vp_W_WL,validated,I2S-P,i2s_string_literal_substitution,i2s_structural_assembly_depth,2,2026-06-18
13,bloaty,133,i2s_vp_W_WL,validated,I2S-P,i2s_string_literal_substitution,i2s_fixed_offset_literal_substitution,0,2026-06-13
14,bloaty,141,i2s_vp_WLWL,inconclusive,I2S-P,inconclusive,-,-,-
15,bloaty,143,i2s_vp__LWL,validated,I2S-P,i2s_numeric_tag_substitution,i2s_exact_literal_gate,0,2026-06-13
16,bloaty,145,i2s_vp_W_WL,validated,I2S-P,i2s_string_literal_substitution,i2s_fixed_offset_literal_substitution,0,2026-06-14
17,bloaty,147,i2s_vp__W_L,validated,VP-P,vp_gradient_value_distance_closure,vp_basin_escape,0,2026-06-13
18,bloaty,150,i2s_vp__W_L,inconclusive,VP-P,inconclusive,-,-,-
19,bloaty,301,i2s_vp__WLW,inconclusive,I2S-A,inconclusive,-,-,-
20,curl,19,i2s_vp_WLWL,validated,I2S-P,i2s_string_literal_substitution,i2s_operand_value_precision_at_equal_reach_gate,3,2026-06-18
21,curl,21,i2s_vp_WLWL,validated,I2S-P,i2s_string_literal_substitution,i2s_planted_anchor_literal_presence_scaffold_gate,1,2026-06-18
22,curl,22,i2s_vp_WLWL,inconclusive,I2S-P,inconclusive,-,-,-
23,curl,23,i2s_vp_WLWL,inconclusive,I2S-P,inconclusive,-,-,-
24,curl,37,i2s_vp_WLWL,validated,I2S-P,i2s_string_literal_substitution,i2s_fixed_offset_literal_value_gate,0,2026-06-12
25,curl,42,i2s_vp_WLWL,validated,I2S-P,i2s_string_literal_substitution,i2s_fixed_offset_literal_value_gate,0,2026-06-12
26,curl,58,i2s_vp_WLWL,validated,I2S-P,i2s_string_literal_substitution,i2s_fixed_offset_literal_value_gate,0,2026-06-12
27,curl,62,i2s_vp_WLWL,validated,I2S-P,i2s_numeric_tag_substitution,i2s_fixed_offset_literal_value_gate,0,2026-06-12
28,curl,68,i2s_vp_W__L,inconclusive,I2S-P,inconclusive,-,-,-
29,curl,73,i2s_vp_WLWL,inconclusive,I2S-P,inconclusive,-,-,-
30,curl,78,i2s_vp_WLWL,validated,I2S-P,i2s_string_literal_substitution,i2s_fixed_offset_literal_value_gate,0,2026-06-12
31,curl,118,i2s_vp_WLWL,validated,I2S-P,i2s_string_literal_substitution,i2s_planted_anchor_literal_presence_scaffold_gate,1,2026-06-18
32,curl,129,aflfast_rarity_WL,inconclusive,FAST-P,inconclusive,-,-,-
33,curl,129,i2s_vp_WLWL,validated,I2S-P,i2s_string_literal_substitution,i2s_operand_value_precision_at_equal_reach_gate,3,2026-06-18
34,curl,139,i2s_vp_WLWL,validated,I2S-P,i2s_string_literal_substitution,i2s_fixed_offset_literal_value_gate,0,2026-06-14
35,curl,141,i2s_vp__LWL,validated,I2S-P,i2s_string_literal_substitution,i2s_exact_literal_gate,0,2026-06-12
36,curl,152,i2s_vp_WL_L,validated,I2S-P,i2s_string_literal_substitution,i2s_exact_literal_constant_gate,0,2026-06-14
37,curl,165,aflfast_rarity_WL,inconclusive,FAST-P,inconclusive,-,-,-
38,curl,165,i2s_vp_WLWL,validated,I2S-P,i2s_string_literal_substitution,i2s_fixed_offset_literal_value_gate,0,2026-06-12
39,curl,166,i2s_vp_WLWL,validated,I2S-P,i2s_string_literal_substitution,i2s_fixed_offset_literal_value_gate,0,2026-06-14
40,curl,167,i2s_vp_W__L,inconclusive,I2S-P,inconclusive,-,-,-
41,curl,172,calibrated_energy_WL,inconclusive,CALI-P,inconclusive,-,-,-
42,curl,210,i2s_vp_WLWL,validated,I2S-P,i2s_string_literal_substitution,i2s_planted_anchor_literal_presence_scaffold_gate,1,2026-06-18
43,curl,212,i2s_vp_WLWL,validated,I2S-P,i2s_string_literal_substitution,i2s_fixed_offset_literal_value_gate,0,2026-06-12
44,curl,263,i2s_vp__LWL,inconclusive,I2S-P,inconclusive,-,-,-
45,curl,266,i2s_vp_WLWL,validated,I2S-P,i2s_string_literal_substitution,i2s_fixed_offset_literal_value_gate,0,2026-06-14
46,curl,272,i2s_vp_WLWL,validated,I2S-P,i2s_string_literal_substitution,i2s_fixed_offset_literal_value_gate,0,2026-06-14
47,curl,275,i2s_vp__LWL,validated,I2S-P,i2s_string_literal_substitution,i2s_exact_literal_gate,0,2026-06-14
48,curl,277,i2s_vp_WLWL,validated,I2S-P,i2s_string_literal_substitution,i2s_fixed_offset_literal_value_gate,0,2026-06-14
49,curl,279,i2s_vp_WLWL,validated,I2S-P,i2s_string_literal_substitution,i2s_fixed_offset_literal_value_gate,0,2026-06-14
50,curl,289,i2s_vp_WL_L,validated,I2S-P,i2s_numeric_tag_substitution,i2s_exact_literal_constant_gate,0,2026-06-12
51,curl,291,i2s_vp_WL_L,validated,I2S-P,i2s_numeric_tag_substitution,i2s_exact_literal_constant_gate,0,2026-06-12
52,curl,297,i2s_vp_WLW_,validated,I2S-P,i2s_string_literal_substitution,i2s_literal_operand_substitution,0,2026-06-12
53,curl,298,i2s_vp_WLWL,validated,I2S-P,i2s_string_literal_substitution,i2s_operand_value_precision_at_equal_reach_gate,3,2026-06-18
54,curl,301,i2s_vp_WLWL,validated,I2S-P,i2s_numeric_tag_substitution,i2s_fixed_offset_literal_value_gate,0,2026-06-14
55,curl,303,i2s_vp_WLWL,validated,I2S-P,i2s_string_literal_substitution,i2s_fixed_offset_literal_value_gate,0,2026-06-14
56,curl,308,i2s_vp_WLWL,validated,I2S-P,i2s_string_literal_substitution,i2s_fixed_offset_literal_value_gate,0,2026-06-14
57,curl,322,i2s_vp_WLWL,validated,I2S-P,i2s_string_literal_substitution,i2s_operand_value_precision_at_equal_reach_gate,3,2026-06-18
58,curl,353,i2s_vp__LWL,validated,I2S-P,i2s_numeric_tag_substitution,i2s_exact_literal_gate,0,2026-06-12
59,curl,398,i2s_vp_L_LW,validated,I2S-A,i2s_anti_decoy_overfit,i2s_case_constant_decoy_substitution,0,2026-06-12
60,curl,399,i2s_vp_WLWL,validated,I2S-P,i2s_string_literal_substitution,i2s_fixed_offset_literal_value_gate,0,2026-06-12
61,curl,405,i2s_vp_W_WL,validated,I2S-P,i2s_string_literal_substitution,i2s_fixed_offset_literal_substitution,0,2026-06-12
62,curl,415,i2s_vp_WLWL,validated,I2S-P,i2s_string_literal_substitution,i2s_planted_anchor_literal_presence_scaffold_gate,1,2026-06-18
63,curl,416,i2s_vp_WLWL,validated,I2S-P,i2s_string_literal_substitution,i2s_planted_anchor_literal_presence_scaffold_gate,1,2026-06-18
64,curl,422,i2s_vp_WLWL,inconclusive,I2S-P,inconclusive,-,-,-
65,curl,426,i2s_vp_WLWL,validated,I2S-P,i2s_string_literal_substitution,i2s_planted_anchor_literal_presence_scaffold_gate,1,2026-06-18
66,curl,427,i2s_vp__LWL,inconclusive,I2S-P,inconclusive,-,-,-
67,curl,430,i2s_vp_WLWL,validated,I2S-P,i2s_string_literal_substitution,i2s_planted_anchor_literal_presence_scaffold_gate,1,2026-06-18
68,curl,441,i2s_vp_WLWL,validated,I2S-P,i2s_string_literal_substitution,i2s_planted_anchor_literal_presence_scaffold_gate,1,2026-06-18
69,curl,442,i2s_vp_WLWL,validated,I2S-P,i2s_string_literal_substitution,i2s_planted_anchor_literal_presence_scaffold_gate,1,2026-06-18
70,curl,459,i2s_vp_WLWL,validated,I2S-P,i2s_string_literal_substitution,i2s_planted_anchor_literal_presence_scaffold_gate,1,2026-06-18
71,curl,468,i2s_vp_WLW_,validated,I2S-P,i2s_string_literal_substitution,i2s_literal_operand_substitution,0,2026-06-12
72,curl,470,i2s_vp_WLWL,inconclusive,I2S-P,inconclusive,-,-,-
73,curl,505,i2s_vp_WLW_,inconclusive,I2S-P,inconclusive,-,-,-
74,curl,527,i2s_vp__LWL,validated,I2S-P,i2s_string_literal_substitution,i2s_exact_literal_gate,0,2026-06-14
75,curl,567,i2s_vp_WLWL,validated,I2S-P,i2s_string_literal_substitution,i2s_operand_value_precision_at_equal_reach_gate,3,2026-06-18
76,harfbuzz,5198,i2s_vp__LWL,validated,I2S-P,i2s_numeric_tag_substitution,i2s_exact_literal_gate,0,2026-06-13
77,harfbuzz,5203,i2s_vp_WLWL,validated,I2S-P,i2s_string_literal_substitution,i2s_fixed_offset_literal_value_gate,0,2026-06-12
78,harfbuzz,5208,i2s_vp_WLWL,validated,I2S-P,i2s_string_literal_substitution,i2s_fixed_offset_literal_value_gate,0,2026-06-12
79,harfbuzz,5222,i2s_vp_WLWL,validated,I2S-P,i2s_string_literal_substitution,i2s_fixed_offset_literal_value_gate,0,2026-06-12
80,harfbuzz,5225,i2s_vp_WLWL,validated,I2S-P,i2s_string_literal_substitution,i2s_fixed_offset_literal_value_gate,0,2026-06-12
81,harfbuzz,5228,i2s_vp_WLWL,validated,I2S-P,i2s_string_literal_substitution,i2s_fixed_offset_literal_value_gate,0,2026-06-12
82,harfbuzz,5232,i2s_vp_WLWL,validated,I2S-P,i2s_string_literal_substitution,i2s_fixed_offset_literal_value_gate,0,2026-06-12
83,harfbuzz,5237,calibrated_energy_WL,inconclusive,CALI-P,inconclusive,-,-,-
84,harfbuzz,5237,ctx_coverage_WL,inconclusive,CTX-P,inconclusive,-,-,-
85,harfbuzz,5237,i2s_vp_LWLL,inconclusive,I2S-A,inconclusive,-,-,-
86,harfbuzz,5237,i2s_vp_LWLL,inconclusive,VP-P,inconclusive,-,-,-
87,harfbuzz,5250,i2s_vp_LLWL,validated,VPC-P,joint_value_distance_closure,joint_value_precision,0,2026-06-12
88,harfbuzz,5251,i2s_vp_LLWL,validated,VPC-P,joint_value_distance_closure,joint_value_precision,0,2026-06-12
89,harfbuzz,5292,i2s_vp_WLWL,validated,I2S-P,i2s_string_literal_substitution,i2s_fixed_offset_literal_value_gate,0,2026-06-12
90,harfbuzz,5293,i2s_vp__LWL,validated,I2S-P,i2s_string_literal_substitution,i2s_exact_literal_gate,0,2026-06-14
91,harfbuzz,5295,i2s_vp__LWL,validated,I2S-P,i2s_string_literal_substitution,i2s_exact_literal_gate,0,2026-06-14
92,harfbuzz,5302,calibrated_energy_WL,inconclusive,CALI-P,inconclusive,-,-,-
93,harfbuzz,5302,ctx_coverage_WL,inconclusive,CTX-P,inconclusive,-,-,-
94,harfbuzz,5302,i2s_vp__WWL,validated,VP-P,vp_gradient_assembly_depth,vp_admits_larger_valid_structure,1,2026-06-18
95,harfbuzz,5311,grimoire_structural_WL,validated,GRIM-P,grimoire_structural_assembly,structural_token_richness,0,2026-06-12
96,harfbuzz,5311,i2s_vp_LW_W,inconclusive,I2S-A,inconclusive,-,-,-
97,harfbuzz,5323,i2s_vp_LWLW,validated,I2S-A,i2s_anti_decoy_overfit,i2s_decoy_substitution_overfit,0,2026-06-12
98,harfbuzz,5334,i2s_vp_W_WL,validated,I2S-P,i2s_string_literal_substitution,i2s_fixed_offset_literal_substitution,0,2026-06-12
99,harfbuzz,5350,i2s_vp__WLW,validated,I2S-A,i2s_anti_decoy_overfit,decoy_overcommit_wrong_literal,0,2026-06-14
100,harfbuzz,5353,i2s_vp_LWLW,validated,I2S-A,i2s_anti_decoy_overfit,i2s_decoy_substitution_overfit,0,2026-06-12
101,harfbuzz,5362,i2s_vp__LWL,inconclusive,I2S-P,inconclusive,-,-,-
102,harfbuzz,5389,i2s_vp_WLWL,validated,I2S-P,i2s_string_literal_substitution,i2s_fixed_offset_literal_value_gate,0,2026-06-12
103,harfbuzz,5391,i2s_vp_LW_W,validated,I2S-A,i2s_anti_target_depletion,i2s_decoy_substitution_target_depletion,0,2026-06-12
104,harfbuzz,5392,i2s_vp_WLWL,validated,I2S-P,i2s_string_literal_substitution,i2s_fixed_offset_literal_value_gate,0,2026-06-12
105,harfbuzz,5397,i2s_vp__LWL,validated,I2S-P,i2s_string_literal_substitution,i2s_exact_literal_gate,0,2026-06-13
106,harfbuzz,5399,i2s_vp_LLWL,validated,VPC-P,joint_assembly_depth,joint_assembly_depth,0,2026-06-12
107,harfbuzz,5400,i2s_vp__LWL,validated,I2S-P,i2s_string_literal_substitution,i2s_exact_literal_gate,0,2026-06-14
108,harfbuzz,5401,i2s_vp__LWL,validated,I2S-P,i2s_numeric_tag_substitution,i2s_exact_literal_gate,0,2026-06-13
109,harfbuzz,5408,i2s_vp__LWL,validated,I2S-P,i2s_string_literal_substitution,i2s_exact_literal_gate,0,2026-06-14
110,harfbuzz,5430,i2s_vp__LWL,validated,I2S-P,i2s_string_literal_substitution,i2s_exact_literal_gate,0,2026-06-13
111,harfbuzz,5431,i2s_vp__LWL,validated,I2S-P,i2s_string_literal_substitution,i2s_exact_literal_gate,0,2026-06-13
112,harfbuzz,5434,i2s_vp__LWL,validated,I2S-P,i2s_string_literal_substitution,i2s_exact_literal_gate,0,2026-06-13
113,harfbuzz,5435,i2s_vp__LWL,validated,I2S-P,i2s_string_literal_substitution,i2s_exact_literal_gate,0,2026-06-13
114,harfbuzz,5436,i2s_vp__LWL,validated,I2S-P,i2s_string_literal_substitution,i2s_exact_literal_gate,0,2026-06-13
115,harfbuzz,5437,i2s_vp_WLWL,validated,I2S-P,i2s_string_literal_substitution,i2s_fixed_offset_literal_value_gate,0,2026-06-12
116,harfbuzz,5438,i2s_vp_WLWL,validated,I2S-P,i2s_string_literal_substitution,i2s_fixed_offset_literal_value_gate,0,2026-06-12
117,harfbuzz,5439,i2s_vp__LWL,validated,I2S-P,i2s_string_literal_substitution,i2s_exact_literal_gate,0,2026-06-13
118,harfbuzz,5440,grimoire_structural_WL,inconclusive,GRIM-P,inconclusive,-,-,-
119,harfbuzz,5440,i2s_vp_LLWL,validated,VPC-P,joint_value_distance_closure,joint_value_precision,0,2026-06-12
120,harfbuzz,5441,i2s_vp__LWL,validated,I2S-P,i2s_string_literal_substitution,i2s_exact_literal_gate,0,2026-06-14
121,harfbuzz,5442,i2s_vp_LLWL,validated,VPC-P,joint_assembly_depth,joint_assembly_depth,0,2026-06-12
122,harfbuzz,5474,i2s_vp_L_W_,inconclusive,VP-P,inconclusive,-,-,-
123,harfbuzz,5477,i2s_vp_L_W_,inconclusive,VP-P,inconclusive,-,-,-
124,harfbuzz,5478,i2s_vp_WLWL,validated,I2S-P,i2s_numeric_tag_substitution,i2s_fixed_offset_literal_value_gate,0,2026-06-12
125,harfbuzz,5481,i2s_vp_WLWL,validated,I2S-P,i2s_string_literal_substitution,i2s_fixed_offset_literal_value_gate,0,2026-06-12
126,harfbuzz,5483,i2s_vp_WL_L,validated,I2S-P,i2s_numeric_tag_substitution,i2s_exact_literal_constant_gate,0,2026-06-12
127,harfbuzz,5484,i2s_vp_WLWL,validated,I2S-P,i2s_string_literal_substitution,i2s_fixed_offset_literal_value_gate,0,2026-06-12
128,harfbuzz,5486,i2s_vp__LWL,validated,I2S-P,i2s_string_literal_substitution,i2s_exact_literal_gate,0,2026-06-14
129,harfbuzz,5492,i2s_vp_WLWL,validated,I2S-P,i2s_string_literal_substitution,i2s_fixed_offset_literal_value_gate,0,2026-06-12
130,harfbuzz,5494,i2s_vp_WL_L,validated,I2S-P,i2s_numeric_tag_substitution,i2s_exact_literal_constant_gate,0,2026-06-14
131,harfbuzz,5497,i2s_vp_WLWL,validated,I2S-P,i2s_string_literal_substitution,i2s_fixed_offset_literal_value_gate,0,2026-06-12
132,harfbuzz,5503,calibrated_energy_WL,inconclusive,CALI-P,inconclusive,-,-,-
133,harfbuzz,5503,ctx_coverage_WL,validated,CTX-P,ctx_iteration_path_depth,iteration_path_depth_reach,0,2026-06-12
134,harfbuzz,5503,i2s_vp_WWWL,validated,VP-P,vp_gradient_value_distance_closure,cmp_gradient_closes_to_operand,0,2026-06-12
135,harfbuzz,5517,calibrated_energy_WL,inconclusive,CALI-P,inconclusive,-,-,-
136,harfbuzz,5517,ctx_coverage_WL,inconclusive,CTX-P,inconclusive,-,-,-
137,harfbuzz,5517,i2s_vp_WWWL,validated,VP-P,vp_gradient_value_distance_closure,cmp_gradient_closes_to_operand,1,2026-06-18
138,harfbuzz,5544,i2s_vp_WLWL,validated,I2S-P,i2s_string_literal_substitution,i2s_fixed_offset_literal_value_gate,0,2026-06-12
139,harfbuzz,5545,i2s_vp_WLWL,validated,I2S-P,i2s_string_literal_substitution,i2s_fixed_offset_literal_value_gate,0,2026-06-12
140,harfbuzz,5547,i2s_vp_WLWL,validated,I2S-P,i2s_string_literal_substitution,i2s_fixed_offset_literal_value_gate,0,2026-06-12
141,harfbuzz,5550,i2s_vp_WLWL,validated,I2S-P,i2s_string_literal_substitution,i2s_fixed_offset_literal_value_gate,0,2026-06-12
142,harfbuzz,5555,i2s_vp_WLWL,validated,I2S-P,i2s_string_literal_substitution,i2s_fixed_offset_literal_value_gate,0,2026-06-12
143,harfbuzz,5556,i2s_vp_WLWL,validated,I2S-P,i2s_string_literal_substitution,i2s_fixed_offset_literal_value_gate,0,2026-06-12
144,harfbuzz,5557,i2s_vp__LWL,validated,I2S-P,i2s_string_literal_substitution,i2s_exact_literal_gate,0,2026-06-13
145,harfbuzz,5558,i2s_vp_WLWL,validated,I2S-P,i2s_string_literal_substitution,i2s_fixed_offset_literal_value_gate,0,2026-06-12
146,harfbuzz,5559,i2s_vp_WLWL,validated,I2S-P,i2s_string_literal_substitution,i2s_fixed_offset_literal_value_gate,0,2026-06-12
147,harfbuzz,5560,i2s_vp_WLWL,validated,I2S-P,i2s_string_literal_substitution,i2s_operand_value_precision_at_equal_reach_gate,3,2026-06-18
148,harfbuzz,5561,i2s_vp__LWL,validated,I2S-P,i2s_string_literal_substitution,i2s_exact_literal_gate,0,2026-06-13
149,harfbuzz,5562,i2s_vp_WL_L,inconclusive,I2S-P,inconclusive,-,-,-
150,harfbuzz,5564,i2s_vp__LWL,validated,I2S-P,i2s_string_literal_substitution,i2s_exact_literal_gate,0,2026-06-13
151,harfbuzz,5565,i2s_vp_WLWL,validated,I2S-P,i2s_string_literal_substitution,i2s_fixed_offset_literal_value_gate,0,2026-06-14
152,harfbuzz,5567,i2s_vp_WLWL,validated,I2S-P,i2s_string_literal_substitution,i2s_fixed_offset_literal_value_gate,0,2026-06-12
153,harfbuzz,5576,i2s_vp_LWLW,inconclusive,I2S-A,inconclusive,-,-,-
154,harfbuzz,5589,i2s_vp_WLWL,validated,I2S-P,i2s_string_literal_substitution,i2s_fixed_offset_literal_value_gate,0,2026-06-12
155,harfbuzz,5602,i2s_vp_LLWL,validated,VPC-P,joint_value_distance_closure,joint_value_precision,0,2026-06-12
156,harfbuzz,5609,i2s_vp_LLWL,inconclusive,VPC-P,inconclusive,-,-,-
157,harfbuzz,5611,i2s_vp__LWL,validated,I2S-P,i2s_string_literal_substitution,i2s_exact_literal_gate,0,2026-06-14
158,harfbuzz,5614,i2s_vp_LLWL,inconclusive,VPC-P,inconclusive,-,-,-
159,harfbuzz,5616,i2s_vp_LLWL,validated,VPC-P,joint_assembly_depth,joint_gradient_iteration_depth,3,2026-06-18
160,harfbuzz,5619,i2s_vp_LWLW,inconclusive,I2S-A,inconclusive,-,-,-
161,harfbuzz,5623,i2s_vp__WLW,validated,I2S-A,i2s_anti_structural_byte_corruption,vpc_corpus_shallower_context_reach,2,2026-06-18
162,harfbuzz,5624,i2s_vp_WWLW,inconclusive,VPC-A,inconclusive,-,-,-
163,harfbuzz,5660,i2s_vp_WWLW,inconclusive,VPC-A,inconclusive,-,-,-
164,harfbuzz,5662,i2s_vp_LW_W,validated,I2S-A,i2s_anti_target_depletion,i2s_decoy_substitution_target_depletion,0,2026-06-12
165,harfbuzz,5664,i2s_vp_LWLW,validated,I2S-A,i2s_anti_decoy_overfit,i2s_decoy_substitution_overfit,0,2026-06-13
166,harfbuzz,5671,i2s_vp__LWL,validated,I2S-P,i2s_string_literal_substitution,i2s_exact_literal_gate,0,2026-06-14
167,harfbuzz,5675,i2s_vp__LWL,validated,I2S-P,i2s_string_literal_substitution,i2s_exact_literal_gate,0,2026-06-12
168,harfbuzz,5679,i2s_vp__LWL,validated,I2S-P,i2s_string_literal_substitution,i2s_exact_literal_gate,0,2026-06-14
169,harfbuzz,5680,i2s_vp__LWL,validated,I2S-P,i2s_string_literal_substitution,i2s_exact_literal_gate,0,2026-06-14
170,harfbuzz,5683,i2s_vp__WLW,validated,I2S-A,i2s_anti_decoy_overfit,decoy_overcommit_wrong_literal,0,2026-06-14
171,harfbuzz,5684,i2s_vp_LLWL,validated,VPC-P,joint_assembly_depth,joint_assembly_depth,0,2026-06-12
172,harfbuzz,5691,i2s_vp__LWL,validated,I2S-P,i2s_string_literal_substitution,i2s_exact_literal_gate,0,2026-06-14
173,harfbuzz,5692,i2s_vp__LWL,validated,I2S-P,i2s_string_literal_substitution,i2s_exact_literal_gate,0,2026-06-14
174,harfbuzz,5694,i2s_vp_WLWL,validated,I2S-P,i2s_string_literal_substitution,i2s_fixed_offset_literal_value_gate,0,2026-06-12
175,harfbuzz,5695,i2s_vp__LWL,validated,I2S-P,i2s_string_literal_substitution,i2s_exact_literal_gate,0,2026-06-14
176,harfbuzz,5697,i2s_vp_WLWL,validated,I2S-P,i2s_string_literal_substitution,i2s_fixed_offset_literal_value_gate,0,2026-06-12
177,harfbuzz,5708,calibrated_energy_WL,inconclusive,CALI-P,inconclusive,-,-,-
178,harfbuzz,5708,ctx_coverage_WL,inconclusive,CTX-P,inconclusive,-,-,-
179,harfbuzz,5708,i2s_vp__W_L,inconclusive,VP-P,inconclusive,-,-,-
180,harfbuzz,5715,i2s_vp__LWL,validated,I2S-P,i2s_string_literal_substitution,i2s_exact_literal_gate,0,2026-06-12
181,harfbuzz,5716,i2s_vp_WLWL,validated,I2S-P,i2s_string_literal_substitution,i2s_fixed_offset_literal_value_gate,0,2026-06-12
182,harfbuzz,5720,i2s_vp__LWL,validated,I2S-P,i2s_string_literal_substitution,i2s_exact_literal_gate,0,2026-06-12
183,harfbuzz,5723,i2s_vp_LW_W,inconclusive,I2S-A,inconclusive,-,-,-
184,harfbuzz,5727,i2s_vp_WLWL,validated,I2S-P,i2s_string_literal_substitution,i2s_fixed_offset_literal_value_gate,0,2026-06-12
185,harfbuzz,5728,i2s_vp__LWL,validated,I2S-P,i2s_string_literal_substitution,i2s_exact_literal_gate,0,2026-06-14
186,harfbuzz,5730,i2s_vp__LWL,validated,I2S-P,i2s_string_literal_substitution,i2s_exact_literal_gate,0,2026-06-14
187,harfbuzz,5732,i2s_vp_LLWL,validated,VPC-P,joint_assembly_depth,joint_assembly_depth,0,2026-06-12
188,harfbuzz,5736,i2s_vp__LWL,validated,I2S-P,i2s_string_literal_substitution,i2s_exact_literal_gate,0,2026-06-14
189,harfbuzz,5737,i2s_vp__LWL,validated,I2S-P,i2s_string_literal_substitution,i2s_exact_literal_gate,0,2026-06-13
190,harfbuzz,5745,i2s_vp__LWL,inconclusive,I2S-P,inconclusive,-,-,-
191,harfbuzz,5761,i2s_vp__WLW,validated,I2S-A,i2s_anti_decoy_overfit,decoy_overcommit_wrong_literal,0,2026-06-14
192,harfbuzz,5784,i2s_vp_LWLW,validated,I2S-A,i2s_anti_decoy_overfit,i2s_decoy_substitution_overfit,0,2026-06-12
193,harfbuzz,5802,ctx_coverage_LW,inconclusive,CTX-A,inconclusive,-,-,-
194,harfbuzz,5802,ctx_coverage_LW,inconclusive,I2S-A,inconclusive,-,-,-
195,harfbuzz,5802,i2s_vp_L__W,validated,I2S-A,i2s_anti_target_depletion,i2s_energy_diversion_decoy_pin,0,2026-06-12
196,harfbuzz,5810,grimoire_structural_WL,inconclusive,GRIM-P,inconclusive,-,-,-
197,harfbuzz,5810,i2s_vp_LW_W,validated,I2S-A,i2s_anti_target_depletion,i2s_decoy_substitution_target_depletion,0,2026-06-12
198,harfbuzz,5812,i2s_vp_LW_W,validated,I2S-A,i2s_anti_target_depletion,i2s_decoy_substitution_target_depletion,0,2026-06-12
199,harfbuzz,5815,i2s_vp_LW_W,validated,I2S-A,i2s_anti_target_depletion,i2s_decoy_substitution_target_depletion,0,2026-06-12
200,harfbuzz,5827,i2s_vp__LWL,validated,I2S-P,i2s_string_literal_substitution,i2s_exact_literal_gate,0,2026-06-14
201,harfbuzz,5828,i2s_vp__LWL,validated,I2S-P,i2s_string_literal_substitution,i2s_exact_literal_gate,0,2026-06-14
202,harfbuzz,5831,i2s_vp_LWWW,validated,I2S-A,i2s_anti_structural_byte_corruption,i2s_anti_structural_byte_corruption,0,2026-06-12
203,harfbuzz,5835,i2s_vp_LW_W,validated,I2S-A,i2s_anti_target_depletion,i2s_decoy_substitution_target_depletion,0,2026-06-12
204,harfbuzz,5839,ctx_coverage_WL,inconclusive,CTX-P,inconclusive,-,-,-
205,harfbuzz,5840,i2s_vp_LW_W,validated,I2S-A,i2s_anti_target_depletion,i2s_decoy_substitution_target_depletion,0,2026-06-12
206,harfbuzz,5843,i2s_vp_LW_W,validated,I2S-A,i2s_anti_target_depletion,i2s_decoy_substitution_target_depletion,0,2026-06-12
207,harfbuzz,5844,i2s_vp_LWWW,validated,I2S-A,i2s_anti_structural_byte_corruption,i2s_anti_structural_byte_corruption,0,2026-06-12
208,harfbuzz,5857,i2s_vp_LW_W,validated,I2S-A,i2s_anti_target_depletion,i2s_decoy_substitution_target_depletion,0,2026-06-12
209,harfbuzz,5865,i2s_vp__WLW,inconclusive,I2S-A,inconclusive,-,-,-
210,harfbuzz,5866,grimoire_structural_WL,inconclusive,GRIM-P,inconclusive,-,-,-
211,harfbuzz,5866,i2s_vp_LWWW,validated,I2S-A,i2s_anti_structural_byte_corruption,i2s_anti_structural_byte_corruption,0,2026-06-12
212,harfbuzz,5868,i2s_vp__LWL,validated,I2S-P,i2s_string_literal_substitution,i2s_exact_literal_gate,0,2026-06-14
213,harfbuzz,5878,ctx_coverage_WL,inconclusive,CTX-P,inconclusive,-,-,-
214,harfbuzz,5881,i2s_vp_LW_W,inconclusive,I2S-A,inconclusive,-,-,-
215,harfbuzz,5885,i2s_vp_LW_W,validated,I2S-A,i2s_anti_target_depletion,i2s_decoy_substitution_target_depletion,0,2026-06-12
216,harfbuzz,5887,ctx_coverage_WL,inconclusive,CTX-P,inconclusive,-,-,-
217,harfbuzz,5893,i2s_vp_LW_W,validated,I2S-A,i2s_anti_target_depletion,i2s_decoy_substitution_target_depletion,0,2026-06-12
218,harfbuzz,5913,i2s_vp_LW_W,validated,I2S-A,i2s_anti_target_depletion,i2s_decoy_substitution_target_depletion,0,2026-06-12
219,harfbuzz,5920,i2s_vp_LW_W,validated,I2S-A,i2s_anti_target_depletion,i2s_decoy_substitution_target_depletion,0,2026-06-12
220,harfbuzz,5931,i2s_vp_LW_W,inconclusive,I2S-A,inconclusive,-,-,-
221,harfbuzz,5934,i2s_vp_LW_W,inconclusive,I2S-A,inconclusive,-,-,-
222,harfbuzz,5938,i2s_vp_LWWW,validated,I2S-A,i2s_anti_structural_byte_corruption,i2s_anti_structural_byte_corruption,0,2026-06-12
223,harfbuzz,5941,i2s_vp_LW_W,validated,I2S-A,i2s_anti_target_depletion,i2s_decoy_substitution_target_depletion,0,2026-06-12
224,harfbuzz,5947,i2s_vp_LWWW,validated,I2S-A,i2s_anti_structural_byte_corruption,i2s_anti_structural_byte_corruption,0,2026-06-12
225,harfbuzz,5949,i2s_vp_LW_W,validated,I2S-A,i2s_anti_target_depletion,i2s_decoy_substitution_target_depletion,0,2026-06-12
226,harfbuzz,5951,i2s_vp__LWL,validated,I2S-P,i2s_string_literal_substitution,i2s_exact_literal_gate,0,2026-06-13
227,harfbuzz,5954,i2s_vp_LW_W,inconclusive,I2S-A,inconclusive,-,-,-
228,harfbuzz,5958,grimoire_structural_WL,validated,GRIM-P,grimoire_structural_assembly,structural_size_depth_only,0,2026-06-12
229,harfbuzz,5958,i2s_vp_LWLW,validated,I2S-A,i2s_anti_decoy_overfit,i2s_diverts_from_exact_codepoint_literal,0,2026-06-12
230,harfbuzz,5967,i2s_vp_LW_W,validated,I2S-A,i2s_anti_target_depletion,i2s_decoy_substitution_target_depletion,0,2026-06-13
231,harfbuzz,5968,i2s_vp_LWLW,validated,I2S-A,i2s_anti_decoy_overfit,i2s_decoy_substitution_overfit,0,2026-06-13
232,harfbuzz,5969,i2s_vp_LW_W,validated,I2S-A,i2s_anti_target_depletion,i2s_decoy_substitution_target_depletion,0,2026-06-12
233,harfbuzz,5972,i2s_vp_LW_W,validated,I2S-A,i2s_anti_target_depletion,i2s_decoy_substitution_target_depletion,0,2026-06-12
234,harfbuzz,5977,i2s_vp_LWWW,inconclusive,I2S-A,inconclusive,-,-,-
235,harfbuzz,5977,i2s_vp_LWWW,inconclusive,VP-P,inconclusive,-,-,-
236,harfbuzz,5980,i2s_vp_LLWL,validated,VPC-P,joint_assembly_depth,joint_gradient_iteration_depth,3,2026-06-18
237,harfbuzz,5983,i2s_vp_LWWW,validated,I2S-A,i2s_anti_structural_byte_corruption,i2s_anti_structural_byte_corruption,0,2026-06-12
238,harfbuzz,5985,i2s_vp_LW_W,validated,I2S-A,i2s_anti_target_depletion,i2s_decoy_substitution_target_depletion,0,2026-06-12
239,harfbuzz,5989,i2s_vp_LWLW,inconclusive,I2S-A,inconclusive,-,-,-
240,harfbuzz,5990,ctx_coverage_WL,inconclusive,CTX-P,inconclusive,-,-,-
241,harfbuzz,5991,i2s_vp_LW_W,validated,I2S-A,i2s_anti_target_depletion,i2s_decoy_substitution_target_depletion,0,2026-06-13
242,harfbuzz,5992,i2s_vp_LWWW,validated,I2S-A,i2s_anti_structural_byte_corruption,i2s_anti_structural_byte_corruption,0,2026-06-12
243,harfbuzz,5998,i2s_vp_LWWW,inconclusive,I2S-A,inconclusive,-,-,-
244,harfbuzz,5998,i2s_vp_LWWW,inconclusive,VP-P,inconclusive,-,-,-
245,harfbuzz,6006,i2s_vp__W_L,inconclusive,VP-P,inconclusive,-,-,-
246,harfbuzz,6010,i2s_vp__WL_,inconclusive,I2S-A,inconclusive,-,-,-
247,harfbuzz,6025,i2s_vp_LWW_,validated,VP-P,vp_gradient_assembly_depth,vp_drives_corpus_deeper_into_assembly,1,2026-06-18
248,harfbuzz,6037,i2s_vp_LWW_,validated,VP-P,vp_gradient_assembly_depth,vp_drives_corpus_deeper_into_assembly,1,2026-06-18
249,harfbuzz,6048,i2s_vp_LWW_,validated,VP-P,vp_gradient_value_distance_closure,vp_enriches_gate_operand_bytes,1,2026-06-18
250,harfbuzz,6061,ctx_coverage_WL,validated,CTX-P,ctx_iteration_path_depth,iteration_path_depth_reach,0,2026-06-12
251,harfbuzz,6061,i2s_vp__W_L,inconclusive,VP-P,inconclusive,-,-,-
252,harfbuzz,6086,i2s_vp_LWWW,validated,VP-P,vp_gradient_value_distance_closure,vp_pro_cmpmap_gradient_rescue,0,2026-06-12
253,harfbuzz,6093,ctx_coverage_WL,validated,CTX-P,ctx_iteration_path_depth,iteration_path_depth_reach,0,2026-06-12
254,harfbuzz,6114,calibrated_energy_WL,inconclusive,CALI-P,inconclusive,-,-,-
255,harfbuzz,6124,ctx_coverage_LW,validated,CTX-A,ctx_inflation,ctx_depth_inflation_at_gate,0,2026-06-12
256,harfbuzz,6124,i2s_vp__WLW,validated,I2S-A,i2s_anti_structural_byte_corruption,vpc_corpus_shallower_context_reach,0,2026-06-12
257,harfbuzz,6130,ctx_coverage_WL,inconclusive,CTX-P,inconclusive,-,-,-
258,harfbuzz,6162,i2s_vp__WLW,validated,I2S-A,i2s_anti_decoy_overfit,decoy_overcommit_wrong_literal,0,2026-06-14
259,harfbuzz,6181,grimoire_structural_WL,validated,GRIM-P,grimoire_structural_assembly,structural_token_richness,0,2026-06-12
260,harfbuzz,6210,i2s_vp__WLW,validated,I2S-A,i2s_anti_decoy_overfit,decoy_overcommit_wrong_literal,0,2026-06-14
261,harfbuzz,6214,i2s_vp_LLWL,validated,VPC-P,joint_assembly_depth,joint_assembly_depth,0,2026-06-12
262,harfbuzz,6223,i2s_vp_LLWL,validated,VPC-P,joint_assembly_depth,joint_assembly_depth,0,2026-06-12
263,harfbuzz,6236,i2s_vp_WLWL,validated,I2S-P,i2s_string_literal_substitution,i2s_structural_assembly_reach_depth_gate,2,2026-06-18
264,harfbuzz,6253,i2s_vp_LWLW,validated,I2S-A,i2s_anti_decoy_overfit,i2s_decoy_substitution_overfit,0,2026-06-12
265,harfbuzz,6263,i2s_vp__WLW,validated,I2S-A,i2s_anti_decoy_overfit,decoy_overcommit_wrong_literal,0,2026-06-14
266,harfbuzz,6539,ctx_coverage_WL,validated,CTX-P,ctx_iteration_path_depth,iteration_path_depth_reach,0,2026-06-12
267,harfbuzz,6585,ctx_coverage_WL,validated,CTX-P,ctx_iteration_path_depth,iteration_path_depth_reach,0,2026-06-12
268,harfbuzz,6613,ctx_coverage_WL,validated,CTX-P,ctx_iteration_path_depth,iteration_path_depth_reach,0,2026-06-12
269,harfbuzz,6616,ctx_coverage_WL,validated,CTX-P,ctx_iteration_path_depth,iteration_path_depth_reach,0,2026-06-12
270,harfbuzz,6616,i2s_vp__WWL,validated,VP-P,vp_gradient_assembly_depth,vp_cmpmap_iteration_depth_reach,0,2026-06-12
271,harfbuzz,6812,i2s_vp_LLW_,validated,VPC-P,joint_value_distance_closure,joint_value_precision,0,2026-06-12
272,harfbuzz,6813,i2s_vp_LLW_,validated,VPC-P,joint_value_distance_closure,joint_value_precision,0,2026-06-12
273,harfbuzz,6814,i2s_vp_LLW_,validated,VPC-P,joint_assembly_depth,joint_assembly_depth,0,2026-06-12
274,harfbuzz,6815,i2s_vp_LLW_,validated,VPC-P,joint_value_distance_closure,joint_value_precision,0,2026-06-12
275,harfbuzz,6858,i2s_vp_LLW_,validated,VPC-P,joint_value_distance_closure,joint_fixed_offset_literal_presence,2,2026-06-18
276,harfbuzz,7170,i2s_vp_LLW_,validated,VPC-P,joint_value_distance_closure,joint_value_precision,0,2026-06-12
277,harfbuzz,7239,i2s_vp_LLW_,validated,VPC-P,joint_value_distance_closure,joint_value_precision,0,2026-06-12
278,harfbuzz,7245,i2s_vp_LLW_,validated,VPC-P,joint_value_distance_closure,joint_fixed_offset_literal_presence,2,2026-06-18
279,lcms,2085,i2s_vp_WLWL,validated,I2S-P,i2s_string_literal_substitution,i2s_fixed_offset_literal_value_gate,0,2026-06-13
280,lcms,2087,i2s_vp_LLWL,validated,VPC-P,joint_value_distance_closure,joint_value_precision,0,2026-06-13
281,lcms,2088,i2s_vp_WLWL,validated,I2S-P,i2s_string_literal_substitution,i2s_fixed_offset_literal_value_gate,0,2026-06-13
282,lcms,2090,i2s_vp_L_W_,inconclusive,VP-P,inconclusive,-,-,-
283,lcms,2092,i2s_vp__LWL,validated,I2S-P,i2s_string_literal_substitution,i2s_exact_literal_gate,0,2026-06-13
284,lcms,2093,i2s_vp_WLWL,validated,I2S-P,i2s_string_literal_substitution,i2s_fixed_offset_literal_value_gate,0,2026-06-13
285,lcms,2094,i2s_vp__LWL,validated,I2S-P,i2s_string_literal_substitution,i2s_exact_literal_gate,0,2026-06-13
286,lcms,2097,i2s_vp_W_WL,validated,I2S-P,i2s_string_literal_substitution,i2s_fixed_offset_literal_substitution,0,2026-06-13
287,lcms,2103,i2s_vp__LWL,validated,I2S-P,i2s_string_literal_substitution,i2s_exact_literal_gate,0,2026-06-13
288,lcms,2104,i2s_vp_LLWL,validated,VPC-P,joint_value_distance_closure,joint_value_precision,0,2026-06-13
289,lcms,2107,i2s_vp_LLWL,inconclusive,VPC-P,inconclusive,-,-,-
290,lcms,2110,i2s_vp_WLWL,validated,I2S-P,i2s_numeric_tag_substitution,i2s_fixed_offset_literal_value_gate,0,2026-06-13
291,lcms,2111,i2s_vp_WLWL,validated,I2S-P,i2s_numeric_tag_substitution,i2s_fixed_offset_literal_value_gate,0,2026-06-13
292,lcms,2112,i2s_vp_WLWL,validated,I2S-P,i2s_numeric_tag_substitution,i2s_fixed_offset_literal_value_gate,0,2026-06-13
293,lcms,2113,i2s_vp_WLWL,validated,I2S-P,i2s_string_literal_substitution,i2s_structural_assembly_reach_depth_gate,2,2026-06-18
294,lcms,2114,i2s_vp_WLWL,validated,I2S-P,i2s_string_literal_substitution,i2s_fixed_offset_literal_value_gate,0,2026-06-13
295,lcms,2117,i2s_vp__LWL,validated,I2S-P,i2s_string_literal_substitution,i2s_exact_literal_gate,0,2026-06-13
296,lcms,2118,i2s_vp__LWL,validated,I2S-P,i2s_string_literal_substitution,i2s_exact_literal_gate,0,2026-06-13
297,lcms,2129,i2s_vp__LWL,validated,I2S-P,i2s_numeric_tag_substitution,i2s_exact_literal_gate,0,2026-06-13
298,lcms,2130,i2s_vp__LWL,validated,I2S-P,i2s_numeric_tag_substitution,i2s_exact_literal_gate,0,2026-06-13
299,lcms,2135,i2s_vp__LWL,validated,I2S-P,i2s_numeric_tag_substitution,i2s_exact_literal_gate,0,2026-06-13
300,lcms,2136,i2s_vp_WLWL,validated,I2S-P,i2s_string_literal_substitution,i2s_fixed_offset_literal_value_gate,0,2026-06-14
301,lcms,2137,i2s_vp__WLW,inconclusive,I2S-A,inconclusive,-,-,-
302,lcms,2141,i2s_vp_LW_L,validated,VP-P,vp_gradient_value_distance_closure,vp_climbs_numeric_magnitude_to_threshold,0,2026-06-13
303,lcms,2143,i2s_vp_LWWL,validated,VP-P,vp_gradient_value_distance_closure,vp_gradient_fixed_offset_operand_enrichment,3,2026-06-18
304,lcms,2147,i2s_vp__W_L,validated,VP-P,vp_gradient_value_distance_closure,vp_basin_escape,0,2026-06-13
305,lcms,2149,ctx_coverage_LW,validated,CTX-A,ctx_inflation,ctx_corpus_inflation,0,2026-06-14
306,lcms,2149,i2s_vp_LWLW,inconclusive,CTX-A,inconclusive,-,-,-
307,lcms,2149,i2s_vp_LWLW,inconclusive,I2S-A,inconclusive,-,-,-
308,lcms,2170,i2s_vp_WLWL,validated,I2S-P,i2s_string_literal_substitution,i2s_fixed_offset_literal_value_gate,0,2026-06-13
309,lcms,2175,i2s_vp_WLWL,validated,I2S-P,i2s_string_literal_substitution,i2s_fixed_offset_literal_value_gate,0,2026-06-13
310,lcms,2179,i2s_vp__LWL,validated,I2S-P,i2s_string_literal_substitution,i2s_exact_literal_gate,0,2026-06-13
311,lcms,2183,i2s_vp__LWL,validated,I2S-P,i2s_string_literal_substitution,i2s_exact_literal_gate,0,2026-06-13
312,lcms,2184,i2s_vp_LLWL,inconclusive,VPC-P,inconclusive,-,-,-
313,lcms,2190,i2s_vp__LWL,validated,I2S-P,i2s_string_literal_substitution,i2s_exact_literal_gate,0,2026-06-13
314,lcms,2194,i2s_vp__LWL,validated,I2S-P,i2s_string_literal_substitution,i2s_exact_literal_gate,0,2026-06-13
315,lcms,2195,i2s_vp__LWL,validated,I2S-P,i2s_string_literal_substitution,i2s_exact_literal_gate,0,2026-06-13
316,lcms,2196,i2s_vp_LLWL,inconclusive,VPC-P,inconclusive,-,-,-
317,lcms,2197,i2s_vp__LWL,validated,I2S-P,i2s_numeric_tag_substitution,i2s_exact_literal_gate,0,2026-06-13
318,lcms,2199,i2s_vp__LWL,validated,I2S-P,i2s_string_literal_substitution,i2s_exact_literal_gate,0,2026-06-13
319,lcms,2202,i2s_vp__LWL,validated,I2S-P,i2s_string_literal_substitution,i2s_exact_literal_gate,0,2026-06-13
320,lcms,2203,i2s_vp_WLWL,validated,I2S-P,i2s_string_literal_substitution,i2s_fixed_offset_literal_value_gate,0,2026-06-13
321,lcms,2204,i2s_vp__LWL,validated,I2S-P,i2s_string_literal_substitution,i2s_exact_literal_gate,0,2026-06-13
322,lcms,2205,i2s_vp__LWL,validated,I2S-P,i2s_string_literal_substitution,i2s_exact_literal_gate,0,2026-06-13
323,lcms,2207,i2s_vp__LWL,validated,I2S-P,i2s_string_literal_substitution,i2s_exact_literal_gate,0,2026-06-13
324,lcms,2208,i2s_vp__LWL,validated,I2S-P,i2s_string_literal_substitution,i2s_exact_literal_gate,0,2026-06-13
325,lcms,2209,i2s_vp_LLWL,inconclusive,VPC-P,inconclusive,-,-,-
326,lcms,2215,i2s_vp__LWL,validated,I2S-P,i2s_string_literal_substitution,i2s_exact_literal_gate,0,2026-06-13
327,lcms,2216,i2s_vp__LWL,validated,I2S-P,i2s_string_literal_substitution,i2s_exact_literal_gate,0,2026-06-13
328,lcms,2217,i2s_vp__LWL,validated,I2S-P,i2s_string_literal_substitution,i2s_exact_literal_gate,0,2026-06-13
329,lcms,2220,i2s_vp_WLWL,validated,I2S-P,i2s_string_literal_substitution,i2s_fixed_offset_literal_value_gate,0,2026-06-13
330,lcms,2226,i2s_vp_WLWL,inconclusive,I2S-P,inconclusive,-,-,-
331,lcms,2227,i2s_vp__LWL,validated,I2S-P,i2s_numeric_tag_substitution,i2s_exact_literal_gate,0,2026-06-13
332,lcms,2228,i2s_vp_WLWL,validated,I2S-P,i2s_string_literal_substitution,i2s_fixed_offset_literal_value_gate,0,2026-06-13
333,lcms,2230,i2s_vp__LWL,validated,I2S-P,i2s_string_literal_substitution,i2s_exact_literal_gate,0,2026-06-13
334,lcms,2231,i2s_vp_WLWL,validated,I2S-P,i2s_string_literal_substitution,i2s_fixed_offset_literal_value_gate,0,2026-06-13
335,lcms,2232,i2s_vp__LWL,validated,I2S-P,i2s_numeric_tag_substitution,i2s_exact_literal_gate,0,2026-06-13
336,lcms,2233,i2s_vp__LWL,validated,I2S-P,i2s_string_literal_substitution,i2s_exact_literal_gate,0,2026-06-13
337,lcms,2234,i2s_vp_WLWL,validated,I2S-P,i2s_string_literal_substitution,i2s_fixed_offset_literal_value_gate,0,2026-06-13
338,lcms,2242,i2s_vp__LWL,validated,I2S-P,i2s_string_literal_substitution,i2s_exact_literal_gate,0,2026-06-13
339,lcms,2243,i2s_vp_WLWL,validated,I2S-P,i2s_string_literal_substitution,i2s_fixed_offset_literal_value_gate,0,2026-06-13
340,lcms,2246,i2s_vp_WLWL,validated,I2S-P,i2s_string_literal_substitution,i2s_fixed_offset_literal_value_gate,0,2026-06-13
341,lcms,2248,i2s_vp__LWL,validated,I2S-P,i2s_string_literal_substitution,i2s_exact_literal_gate,0,2026-06-13
342,lcms,2252,i2s_vp_W_WL,validated,I2S-P,i2s_string_literal_substitution,i2s_fixed_offset_literal_substitution,0,2026-06-13
343,lcms,2254,i2s_vp__WWL,validated,VP-P,vp_gradient_value_distance_closure,vp_cmpmap_distance_closure_fixed_operand,0,2026-06-13
344,lcms,2259,i2s_vp_WWWL,validated,I2S-P,i2s_string_literal_substitution,literal_value_gate_cmp_solvable,0,2026-06-13
345,lcms,2259,i2s_vp_WWWL,validated,VP-P,vp_gradient_value_distance_closure,cmp_gradient_closes_to_operand,0,2026-06-13
346,lcms,2276,i2s_vp__WWL,validated,VP-P,vp_gradient_value_distance_closure,vp_cmpmap_distance_closure_fixed_operand,0,2026-06-13
347,lcms,2282,i2s_vp_WWWL,validated,I2S-P,i2s_string_literal_substitution,literal_value_gate_cmp_solvable,0,2026-06-13
348,lcms,2282,i2s_vp_WWWL,validated,VP-P,vp_gradient_value_distance_closure,cmp_gradient_closes_to_operand,0,2026-06-13
349,lcms,2287,i2s_vp_WLWL,validated,I2S-P,i2s_string_literal_substitution,i2s_fixed_offset_literal_value_gate,0,2026-06-13
350,lcms,2288,i2s_vp__WWL,validated,VP-P,vp_gradient_value_distance_closure,vp_cmpmap_distance_closure_fixed_operand,0,2026-06-13
351,lcms,2291,i2s_vp__LWL,validated,I2S-P,i2s_string_literal_substitution,i2s_exact_literal_gate,0,2026-06-13
352,lcms,2295,i2s_vp_W_WL,validated,I2S-P,i2s_string_literal_substitution,i2s_fixed_offset_literal_substitution,0,2026-06-13
353,lcms,2297,i2s_vp_WWWL,validated,I2S-P,i2s_string_literal_substitution,literal_value_gate_cmp_solvable,0,2026-06-13
354,lcms,2297,i2s_vp_WWWL,validated,VP-P,vp_gradient_value_distance_closure,cmp_gradient_closes_to_operand,0,2026-06-13
355,lcms,2299,i2s_vp__LWL,validated,I2S-P,i2s_string_literal_substitution,i2s_exact_literal_gate,0,2026-06-13
356,lcms,2300,i2s_vp_WLWL,validated,I2S-P,i2s_string_literal_substitution,i2s_fixed_offset_literal_value_gate,0,2026-06-13
357,lcms,2303,i2s_vp__WWL,validated,VP-P,vp_gradient_value_distance_closure,vp_cmpmap_distance_closure_fixed_operand,0,2026-06-13
358,lcms,2323,i2s_vp_WWWL,validated,I2S-P,i2s_string_literal_substitution,literal_value_gate_cmp_solvable,0,2026-06-13
359,lcms,2323,i2s_vp_WWWL,validated,VP-P,vp_gradient_value_distance_closure,cmp_gradient_closes_to_operand,0,2026-06-13
360,lcms,2330,i2s_vp_WLWL,inconclusive,I2S-P,inconclusive,-,-,-
361,lcms,2334,i2s_vp__LWL,inconclusive,I2S-P,inconclusive,-,-,-
362,lcms,2336,i2s_vp__LWL,validated,I2S-P,i2s_string_literal_substitution,i2s_exact_literal_gate,0,2026-06-13
363,lcms,2337,i2s_vp__LWL,validated,I2S-P,i2s_string_literal_substitution,i2s_exact_literal_gate,0,2026-06-13
364,lcms,2340,i2s_vp__LWL,validated,I2S-P,i2s_string_literal_substitution,i2s_exact_literal_gate,0,2026-06-13
365,lcms,2342,ctx_coverage_WL,inconclusive,CTX-P,inconclusive,-,-,-
366,lcms,2342,i2s_vp_WWWL,validated,I2S-P,i2s_string_literal_substitution,literal_value_gate_cmp_solvable,0,2026-06-14
367,lcms,2415,i2s_vp_WLWL,validated,I2S-P,i2s_string_literal_substitution,i2s_fixed_offset_literal_value_gate,0,2026-06-13
368,lcms,2416,i2s_vp_WLWL,validated,I2S-P,i2s_string_literal_substitution,i2s_fixed_offset_literal_value_gate,0,2026-06-13
369,lcms,2417,i2s_vp__W_L,validated,VP-P,vp_gradient_value_distance_closure,vp_basin_escape,0,2026-06-13
370,lcms,2418,i2s_vp__LWL,validated,I2S-P,i2s_string_literal_substitution,i2s_exact_literal_gate,0,2026-06-13
371,lcms,2426,i2s_vp_WLWL,validated,I2S-P,i2s_string_literal_substitution,i2s_fixed_offset_literal_value_gate,0,2026-06-13
372,lcms,2427,i2s_vp_WLWL,validated,I2S-P,i2s_string_literal_substitution,i2s_fixed_offset_literal_value_gate,0,2026-06-13
373,lcms,2446,i2s_vp_LW_L,inconclusive,VP-P,inconclusive,-,-,-
374,lcms,2674,i2s_vp_LLW_,inconclusive,VPC-P,inconclusive,-,-,-
375,libpng,3810,i2s_vp_W_WL,validated,I2S-P,i2s_string_literal_substitution,i2s_fixed_offset_literal_substitution,0,2026-06-14
376,libpng,3811,i2s_vp_WW_L,validated,I2S-P,i2s_string_literal_substitution,parallel_fixed_offset_literal_gate,1,2026-06-18
377,libpng,3811,i2s_vp_WW_L,validated,VP-P,vp_gradient_value_distance_closure,parallel_hamming_gradient_value_closure,1,2026-06-18
378,libpng,3816,i2s_vp__LWL,validated,I2S-P,i2s_string_literal_substitution,i2s_exact_literal_gate,0,2026-06-13
379,libpng,3817,i2s_vp_W_WL,validated,I2S-P,i2s_string_literal_substitution,i2s_fixed_offset_literal_substitution,0,2026-06-14
380,libpng,3818,i2s_vp_WW_L,validated,I2S-P,i2s_string_literal_substitution,parallel_fixed_offset_literal_gate,0,2026-06-14
381,libpng,3820,i2s_vp_W_WL,validated,I2S-P,i2s_string_literal_substitution,i2s_structural_assembly_depth,2,2026-06-18
382,libpng,3833,i2s_vp_LWW_,inconclusive,VP-P,inconclusive,-,-,-
383,libpng,3864,ctx_coverage_WL,inconclusive,CTX-P,inconclusive,-,-,-
384,libpng,3864,i2s_vp_WW_L,validated,I2S-P,i2s_string_literal_substitution,parallel_fixed_offset_literal_gate,0,2026-06-14
385,libpng,3872,ctx_coverage_WL,validated,CTX-P,ctx_iteration_path_depth,iteration_path_depth_reach,0,2026-06-13
386,libpng,3874,ctx_coverage_WL,inconclusive,CTX-P,inconclusive,-,-,-
387,libpng,3877,i2s_vp_WLWL,inconclusive,I2S-P,inconclusive,-,-,-
388,libpng,3883,i2s_vp_W_WL,validated,I2S-P,i2s_numeric_tag_substitution,i2s_fixed_offset_literal_substitution,0,2026-06-14
389,libpng,3887,i2s_vp_W_WL,inconclusive,I2S-P,inconclusive,-,-,-
390,libpng,3890,i2s_vp_WW_L,validated,I2S-P,i2s_string_literal_substitution,parallel_fixed_offset_literal_gate,1,2026-06-18
391,libpng,3891,i2s_vp_W_WL,validated,I2S-P,i2s_string_literal_substitution,i2s_fixed_offset_literal_substitution,0,2026-06-13
392,libpng,3892,grimoire_structural_LW,inconclusive,GRIM-A,inconclusive,-,-,-
393,libpng,3892,i2s_vp_W_WL,inconclusive,I2S-P,inconclusive,-,-,-
394,libpng,3896,ctx_coverage_WL,inconclusive,CTX-P,inconclusive,-,-,-
395,libpng,3896,i2s_vp_WLWL,inconclusive,I2S-P,inconclusive,-,-,-
396,libpng,3897,i2s_vp_W_WL,validated,I2S-P,i2s_string_literal_substitution,i2s_fixed_offset_literal_substitution,0,2026-06-14
397,libpng,3900,i2s_vp_W_WL,validated,I2S-P,i2s_string_literal_substitution,i2s_fixed_offset_literal_substitution,0,2026-06-14
398,libpng,3901,i2s_vp_WWWL,validated,I2S-P,i2s_string_literal_substitution,literal_value_gate_cmp_solvable,0,2026-06-14
399,libpng,3902,i2s_vp_W_WL,inconclusive,I2S-P,inconclusive,-,-,-
400,libpng,3909,i2s_vp_W_WL,validated,I2S-P,i2s_string_literal_substitution,i2s_fixed_offset_literal_substitution,0,2026-06-14
401,libpng,3912,i2s_vp_W_WL,validated,I2S-P,i2s_numeric_tag_substitution,i2s_fixed_offset_literal_substitution,0,2026-06-14
402,libpng,3913,i2s_vp_W_WL,validated,I2S-P,i2s_numeric_tag_substitution,i2s_fixed_offset_literal_substitution,0,2026-06-14
403,libpng,3915,i2s_vp_W_WL,validated,I2S-P,i2s_string_literal_substitution,i2s_fixed_offset_literal_substitution,0,2026-06-14
404,libpng,3933,i2s_vp_W_WL,validated,I2S-P,i2s_string_literal_substitution,i2s_fixed_offset_literal_substitution,0,2026-06-14
405,libpng,3949,i2s_vp_WLW_,inconclusive,I2S-P,inconclusive,-,-,-
406,libpng,3951,ctx_coverage_WL,inconclusive,CTX-P,inconclusive,-,-,-
407,libpng,3951,i2s_vp_WW_L,validated,I2S-P,i2s_string_literal_substitution,parallel_fixed_offset_literal_gate,0,2026-06-14
408,libpng,3965,ctx_coverage_WL,validated,CTX-P,ctx_iteration_path_depth,iteration_path_depth_reach,0,2026-06-13
409,libpng,3965,i2s_vp_W_WL,validated,I2S-P,i2s_string_literal_substitution,i2s_structural_assembly_depth,0,2026-06-13
410,libpng,3966,ctx_coverage_WL,inconclusive,CTX-P,inconclusive,-,-,-
411,libpng,3966,i2s_vp_WWWL,validated,I2S-P,i2s_string_literal_substitution,literal_value_gate_cmp_solvable,0,2026-06-14
412,libpng,3970,i2s_vp_WLW_,inconclusive,I2S-P,inconclusive,-,-,-
413,libpng,3974,i2s_vp_LWWW,inconclusive,I2S-A,inconclusive,-,-,-
414,libpng,3974,i2s_vp_LWWW,inconclusive,VP-P,inconclusive,-,-,-
415,libpng,3977,i2s_vp_LW_W,validated,I2S-A,i2s_anti_target_depletion,i2s_decoy_substitution_target_depletion,0,2026-06-13
416,libpng,3980,ctx_coverage_WL,inconclusive,CTX-P,inconclusive,-,-,-
417,libpng,3980,i2s_vp_WLWL,inconclusive,I2S-P,inconclusive,-,-,-
418,libpng,3996,ctx_coverage_WL,validated,CTX-P,ctx_iteration_path_depth,iteration_path_depth_reach,0,2026-06-13
419,libpng,3996,i2s_vp_WWWL,inconclusive,I2S-P,inconclusive,-,-,-
420,libpng,3996,i2s_vp_WWWL,inconclusive,VP-P,inconclusive,-,-,-
421,libpng,3999,i2s_vp_L_WL,validated,VP-P,vp_gradient_value_distance_closure,vp_gradient_fixedoffset_byte_enrichment,1,2026-06-18
422,libpng,4002,i2s_vp_L__W,validated,I2S-A,i2s_anti_target_depletion,i2s_energy_diversion_decoy_pin,0,2026-06-13
423,libpng,4006,i2s_vp_WLWL,inconclusive,I2S-P,inconclusive,-,-,-
424,libpng,4020,i2s_vp_WLW_,validated,I2S-P,i2s_string_literal_substitution,i2s_literal_operand_substitution,0,2026-06-13
425,libpng,4031,i2s_vp_WLWL,inconclusive,I2S-P,inconclusive,-,-,-
426,libpng,4032,ctx_coverage_WL,inconclusive,CTX-P,inconclusive,-,-,-
427,libpng,4039,ctx_coverage_WL,inconclusive,CTX-P,inconclusive,-,-,-
428,libpng,4039,i2s_vp_WLWL,inconclusive,I2S-P,inconclusive,-,-,-
429,libpng,4042,ctx_coverage_WL,inconclusive,CTX-P,inconclusive,-,-,-
430,libpng,4051,i2s_vp_W_WL,inconclusive,I2S-P,inconclusive,-,-,-
431,libpng,4055,ctx_coverage_WL,inconclusive,CTX-P,inconclusive,-,-,-
432,libpng,4055,i2s_vp_W_WL,inconclusive,I2S-P,inconclusive,-,-,-
433,libpng,4061,ctx_coverage_WL,inconclusive,CTX-P,inconclusive,-,-,-
434,libpng,4061,i2s_vp_W_WL,inconclusive,I2S-P,inconclusive,-,-,-
435,libpng,4072,ctx_coverage_LW,validated,CTX-A,ctx_inflation,ctx_corpus_inflation,0,2026-06-14
436,libpng,4072,i2s_vp__WLW,inconclusive,I2S-A,inconclusive,-,-,-
437,libpng,4078,i2s_vp_W_WL,validated,I2S-P,i2s_numeric_tag_substitution,i2s_fixed_offset_literal_substitution,0,2026-06-14
438,libpng,4082,i2s_vp_W_WL,validated,I2S-P,i2s_string_literal_substitution,i2s_fixed_offset_literal_substitution,0,2026-06-14
439,libpng,4085,ctx_coverage_WL,inconclusive,CTX-P,inconclusive,-,-,-
440,libpng,4085,i2s_vp_WW_L,validated,I2S-P,i2s_string_literal_substitution,parallel_fixed_offset_literal_gate,0,2026-06-14
441,libpng,4145,i2s_vp_L_W_,validated,VP-P,vp_gradient_value_distance_closure,vp_enriches_size_tag_bytes,1,2026-06-18
442,libxml2,6193,i2s_vp__LW_,inconclusive,I2S-P,inconclusive,-,-,-
443,libxml2,6205,i2s_vp_W_WL,inconclusive,I2S-P,inconclusive,-,-,-
444,libxml2,6210,grimoire_structural_WL,inconclusive,GRIM-P,inconclusive,-,-,-
445,libxml2,6233,i2s_vp__LWL,inconclusive,I2S-P,inconclusive,-,-,-
446,libxml2,6268,i2s_vp_L_WL,validated,VP-P,vp_gradient_value_distance_closure,vp_gradient_value_distance_climb,0,2026-06-13
447,libxml2,6325,i2s_vp__W_L,inconclusive,VP-P,inconclusive,-,-,-
448,libxml2,6325,ngram_coverage_WL,validated,NGRAM-P,ngram_sequential_depth_reach,ngram_sequential_depth_reach,0,2026-06-13
449,libxml2,6343,i2s_vp_LWL_,inconclusive,I2S-A,inconclusive,-,-,-
450,libxml2,6359,i2s_vp_W_WL,inconclusive,I2S-P,inconclusive,-,-,-
451,libxml2,6359,ngram_coverage_WL,inconclusive,NGRAM-P,inconclusive,-,-,-
452,libxml2,6381,i2s_vp_WLWL,inconclusive,I2S-P,inconclusive,-,-,-
453,libxml2,6383,i2s_vp_W__L,validated,I2S-P,i2s_string_literal_substitution,i2s_relational_collision_gate,0,2026-06-14
454,libxml2,6402,i2s_vp_W__L,inconclusive,I2S-P,inconclusive,-,-,-
455,libxml2,6405,ctx_coverage_WL,inconclusive,CTX-P,inconclusive,-,-,-
456,libxml2,6405,i2s_vp_WWWL,inconclusive,I2S-P,inconclusive,-,-,-
457,libxml2,6405,i2s_vp_WWWL,inconclusive,VP-P,inconclusive,-,-,-
458,libxml2,6411,grimoire_structural_WL,inconclusive,GRIM-P,inconclusive,-,-,-
459,libxml2,6414,aflfast_rarity_LW,inconclusive,FAST-A,inconclusive,-,-,-
460,libxml2,6414,calibrated_energy_WL,inconclusive,CALI-P,inconclusive,-,-,-
461,libxml2,6414,grimoire_structural_WL,inconclusive,GRIM-P,inconclusive,-,-,-
462,libxml2,6414,i2s_vp_LLWL,inconclusive,VPC-P,inconclusive,-,-,-
463,libxml2,6429,i2s_vp__WWL,validated,VP-P,vp_gradient_assembly_depth,vp_cmpmap_iteration_depth_reach,2,2026-06-18
464,libxml2,6433,ctx_coverage_WL,validated,CTX-P,ctx_iteration_path_depth,iteration_path_depth_reach,0,2026-06-13
465,libxml2,6436,i2s_vp_LWWL,inconclusive,VP-P,inconclusive,-,-,-
466,libxml2,6461,i2s_vp__WWL,inconclusive,VP-P,inconclusive,-,-,-
467,libxml2,6466,i2s_vp_LWWL,validated,VP-P,vp_gradient_assembly_depth,vp_gradient_structural_depth,2,2026-06-18
468,libxml2,6467,ctx_coverage_WL,validated,CTX-P,ctx_iteration_path_depth,iteration_path_depth_reach,0,2026-06-13
469,libxml2,6467,i2s_vp__WWL,validated,VP-P,vp_gradient_assembly_depth,vp_cmpmap_iteration_depth_reach,0,2026-06-13
470,libxml2,6475,grimoire_structural_WL,inconclusive,GRIM-P,inconclusive,-,-,-
471,libxml2,6483,ctx_coverage_WL,inconclusive,CTX-P,inconclusive,-,-,-
472,libxml2,6576,ctx_coverage_LW,validated,CTX-A,ctx_inflation,ctx_depth_inflation_at_gate,0,2026-06-13
473,libxml2,6581,ctx_coverage_WL,inconclusive,CTX-P,inconclusive,-,-,-
474,libxml2,6597,ctx_coverage_WL,validated,CTX-P,ctx_iteration_path_depth,iteration_path_depth_reach,0,2026-06-13
475,libxml2,6597,grimoire_structural_LW,inconclusive,GRIM-A,inconclusive,-,-,-
476,libxml2,6597,i2s_vp_W_WL,inconclusive,I2S-P,inconclusive,-,-,-
477,libxml2,6605,ctx_coverage_LW,inconclusive,CTX-A,inconclusive,-,-,-
478,libxml2,6616,ctx_coverage_WL,inconclusive,CTX-P,inconclusive,-,-,-
479,libxml2,6621,i2s_vp_L_WL,validated,VP-P,vp_gradient_value_distance_closure,vp_gradient_value_distance_climb,0,2026-06-13
480,libxml2,6643,i2s_vp__LWL,inconclusive,I2S-P,inconclusive,-,-,-
481,libxml2,6649,grimoire_structural_WL,inconclusive,GRIM-P,inconclusive,-,-,-
482,libxml2,6649,i2s_vp_L_WL,inconclusive,VP-P,inconclusive,-,-,-
483,libxml2,6654,i2s_vp_L_WL,inconclusive,VP-P,inconclusive,-,-,-
484,libxml2,6655,i2s_vp__W_L,inconclusive,VP-P,inconclusive,-,-,-
485,libxml2,6663,i2s_vp_L_WL,validated,VP-P,vp_gradient_value_distance_closure,vp_gradient_value_distance_climb,0,2026-06-13
486,libxml2,6673,i2s_vp_L_WL,validated,VP-P,vp_gradient_assembly_depth,vp_gradient_structural_depth_assembly,2,2026-06-18
487,libxml2,6674,ctx_coverage_WL,validated,CTX-P,ctx_iteration_path_depth,iteration_path_depth_reach,0,2026-06-13
488,libxml2,6674,i2s_vp_W__L,validated,I2S-P,i2s_string_literal_substitution,i2s_relational_collision_gate,0,2026-06-13
489,libxml2,6687,i2s_vp_LWWL,inconclusive,VP-P,inconclusive,-,-,-
490,libxml2,6690,calibrated_energy_WL,inconclusive,CALI-P,inconclusive,-,-,-
491,libxml2,6690,i2s_vp_WWWL,inconclusive,I2S-P,inconclusive,-,-,-
492,libxml2,6690,i2s_vp_WWWL,inconclusive,VP-P,inconclusive,-,-,-
493,libxml2,6696,i2s_vp_L_WL,inconclusive,VP-P,inconclusive,-,-,-
494,libxml2,6719,i2s_vp_L_W_,inconclusive,VP-P,inconclusive,-,-,-
495,libxml2,6726,i2s_vp_L_WL,inconclusive,VP-P,inconclusive,-,-,-
496,libxml2,6740,i2s_vp__LWL,inconclusive,I2S-P,inconclusive,-,-,-
497,libxml2,6743,grimoire_structural_WL,validated,GRIM-P,grimoire_structural_assembly,structural_size_depth_only,0,2026-06-13
498,libxml2,6756,i2s_vp_LW_L,inconclusive,VP-P,inconclusive,-,-,-
499,libxml2,6785,i2s_vp_WW_L,inconclusive,I2S-P,inconclusive,-,-,-
500,libxml2,6785,i2s_vp_WW_L,inconclusive,VP-P,inconclusive,-,-,-
501,libxml2,6792,i2s_vp_LWW_,inconclusive,VP-P,inconclusive,-,-,-
502,libxml2,6800,i2s_vp_LWW_,inconclusive,VP-P,inconclusive,-,-,-
503,libxml2,6809,i2s_vp__LWL,inconclusive,I2S-P,inconclusive,-,-,-
504,libxml2,6818,i2s_vp_W__L,validated,I2S-P,i2s_string_literal_substitution,i2s_relational_collision_gate,0,2026-06-14
505,libxml2,6835,ngram_coverage_WL,validated,NGRAM-P,ngram_sequential_depth_reach,ngram_sequential_depth_reach,0,2026-06-13
506,libxml2,6837,i2s_vp_LWL_,validated,I2S-A,i2s_anti_structural_byte_corruption,vpc_anti_sibling_subtree_depth_diversion,2,2026-06-18
507,libxml2,6869,grimoire_structural_LW,inconclusive,GRIM-A,inconclusive,-,-,-
508,libxml2,6887,ctx_coverage_WL,inconclusive,CTX-P,inconclusive,-,-,-
509,libxml2,6887,ngram_coverage_WL,inconclusive,NGRAM-P,inconclusive,-,-,-
510,libxml2,6909,i2s_vp_W_WL,validated,I2S-P,i2s_string_literal_substitution,i2s_structural_assembly_depth,2,2026-06-18
511,libxml2,6910,i2s_vp_WLW_,inconclusive,I2S-P,inconclusive,-,-,-
512,libxml2,6924,ctx_coverage_WL,inconclusive,CTX-P,inconclusive,-,-,-
513,libxml2,6924,grimoire_structural_WL,validated,GRIM-P,grimoire_structural_assembly,structural_token_assembly,0,2026-06-13
514,libxml2,6924,i2s_vp_LWWL,validated,VP-P,vp_gradient_assembly_depth,vp_gradient_structural_depth,0,2026-06-13
515,libxml2,6925,ctx_coverage_WL,inconclusive,CTX-P,inconclusive,-,-,-
516,libxml2,6925,grimoire_structural_WL,validated,GRIM-P,grimoire_structural_assembly,structural_token_assembly,0,2026-06-13
517,libxml2,6925,i2s_vp_LWWL,validated,VP-P,vp_gradient_assembly_depth,vp_gradient_structural_depth,0,2026-06-13
518,libxml2,6926,ctx_coverage_WL,inconclusive,CTX-P,inconclusive,-,-,-
519,libxml2,6926,grimoire_structural_WL,validated,GRIM-P,grimoire_structural_assembly,structural_token_assembly,0,2026-06-13
520,libxml2,6926,i2s_vp_LWWL,validated,VP-P,vp_gradient_assembly_depth,vp_gradient_structural_depth,0,2026-06-13
521,libxml2,6929,i2s_vp__LWL,inconclusive,I2S-P,inconclusive,-,-,-
522,libxml2,6930,i2s_vp_W_WL,inconclusive,I2S-P,inconclusive,-,-,-
523,libxml2,6936,i2s_vp__LWL,inconclusive,I2S-P,inconclusive,-,-,-
524,libxml2,6939,ngram_coverage_LW,inconclusive,NGRAM-A,inconclusive,-,-,-
525,libxml2,6946,i2s_vp_W_WL,inconclusive,I2S-P,inconclusive,-,-,-
526,libxml2,6948,ctx_coverage_WL,inconclusive,CTX-P,inconclusive,-,-,-
527,libxml2,6948,grimoire_structural_WL,validated,GRIM-P,grimoire_structural_assembly,structural_token_assembly,0,2026-06-13
528,libxml2,6948,i2s_vp_LWWL,validated,VP-P,vp_gradient_assembly_depth,vp_gradient_structural_depth,0,2026-06-13
529,libxml2,6950,grimoire_structural_WL,validated,GRIM-P,grimoire_structural_assembly,structural_token_assembly,0,2026-06-13
530,libxml2,6967,i2s_vp_WWWL,validated,VP-P,vp_gradient_value_distance_closure,cmp_gradient_closes_to_operand,1,2026-06-18
531,libxml2,6976,i2s_vp_W_WL,inconclusive,I2S-P,inconclusive,-,-,-
532,libxml2,6985,grimoire_structural_WL,inconclusive,GRIM-P,inconclusive,-,-,-
533,libxml2,7018,grimoire_structural_WL,inconclusive,GRIM-P,inconclusive,-,-,-
534,libxml2,7022,grimoire_structural_WL,inconclusive,GRIM-P,inconclusive,-,-,-
535,libxml2,7038,i2s_vp_W_WL,validated,I2S-P,i2s_numeric_tag_substitution,i2s_fixed_offset_literal_substitution,0,2026-06-13
536,libxml2,7040,grimoire_structural_WL,inconclusive,GRIM-P,inconclusive,-,-,-
537,libxml2,7069,grimoire_structural_WL,inconclusive,GRIM-P,inconclusive,-,-,-
538,libxml2,7069,i2s_vp_LWW_,inconclusive,VP-P,inconclusive,-,-,-
539,libxml2,7099,grimoire_structural_WL,inconclusive,GRIM-P,inconclusive,-,-,-
540,libxml2,7101,grimoire_structural_WL,inconclusive,GRIM-P,inconclusive,-,-,-
541,libxml2,7105,grimoire_structural_WL,inconclusive,GRIM-P,inconclusive,-,-,-
542,libxml2,7107,grimoire_structural_WL,inconclusive,GRIM-P,inconclusive,-,-,-
543,libxml2,7123,grimoire_structural_WL,inconclusive,GRIM-P,inconclusive,-,-,-
544,libxml2,7126,calibrated_energy_WL,inconclusive,CALI-P,inconclusive,-,-,-
545,libxml2,7138,grimoire_structural_WL,inconclusive,GRIM-P,inconclusive,-,-,-
546,libxml2,7138,i2s_vp_LWW_,inconclusive,VP-P,inconclusive,-,-,-
547,libxml2,7143,grimoire_structural_WL,inconclusive,GRIM-P,inconclusive,-,-,-
548,libxml2,7143,i2s_vp_LWWL,inconclusive,VP-P,inconclusive,-,-,-
549,libxml2,7146,aflfast_rarity_LW,inconclusive,FAST-A,inconclusive,-,-,-
550,libxml2,7147,grimoire_structural_WL,validated,GRIM-P,grimoire_structural_assembly,structural_token_assembly,0,2026-06-13
551,libxml2,7161,grimoire_structural_WL,inconclusive,GRIM-P,inconclusive,-,-,-
552,libxml2,7249,i2s_vp__LWL,inconclusive,I2S-P,inconclusive,-,-,-
553,libxml2,7250,i2s_vp_W_WL,inconclusive,I2S-P,inconclusive,-,-,-
554,libxml2,7268,grimoire_structural_WL,inconclusive,GRIM-P,inconclusive,-,-,-
555,libxml2,7287,i2s_vp_W_WL,validated,I2S-P,i2s_string_literal_substitution,i2s_structural_assembly_depth,2,2026-06-18
556,libxml2,7288,grimoire_structural_WL,inconclusive,GRIM-P,inconclusive,-,-,-
557,libxml2,7294,grimoire_structural_WL,inconclusive,GRIM-P,inconclusive,-,-,-
558,libxml2,7296,i2s_vp_LLW_,inconclusive,VPC-P,inconclusive,-,-,-
559,libxml2,7311,i2s_vp_LLW_,inconclusive,VPC-P,inconclusive,-,-,-
560,libxml2,7317,grimoire_structural_WL,inconclusive,GRIM-P,inconclusive,-,-,-
561,libxml2,7317,i2s_vp_LWWL,inconclusive,VP-P,inconclusive,-,-,-
562,libxml2,7326,i2s_vp_LLWL,validated,VPC-P,joint_value_distance_closure,joint_value_gradient_closure,1,2026-06-18
563,libxml2,7327,grimoire_structural_WL,validated,GRIM-P,grimoire_structural_assembly,structural_token_assembly,0,2026-06-13
564,libxml2,7352,i2s_vp_L_WL,inconclusive,VP-P,inconclusive,-,-,-
565,libxml2,7451,i2s_vp_L_WL,inconclusive,VP-P,inconclusive,-,-,-
566,libxml2,7459,i2s_vp_L_WL,inconclusive,VP-P,inconclusive,-,-,-
567,libxml2,7476,ctx_coverage_WL,inconclusive,CTX-P,inconclusive,-,-,-
568,libxml2,7783,ctx_coverage_WL,inconclusive,CTX-P,inconclusive,-,-,-
569,libxml2,8100,i2s_vp_L_W_,inconclusive,VP-P,inconclusive,-,-,-
570,libxml2,8138,i2s_vp__LW_,inconclusive,I2S-P,inconclusive,-,-,-
571,libxml2,8161,i2s_vp_LLWL,inconclusive,VPC-P,inconclusive,-,-,-
572,libxml2,8363,grimoire_structural_WL,inconclusive,GRIM-P,inconclusive,-,-,-
573,libxml2,8556,grimoire_structural_WL,inconclusive,GRIM-P,inconclusive,-,-,-
574,libxml2,8567,grimoire_structural_WL,inconclusive,GRIM-P,inconclusive,-,-,-
575,libxml2,8630,ctx_coverage_WL,inconclusive,CTX-P,inconclusive,-,-,-
576,libxml2,9361,i2s_vp_LLW_,inconclusive,VPC-P,inconclusive,-,-,-
577,libxml2,9435,i2s_vp__LW_,inconclusive,I2S-P,inconclusive,-,-,-
578,libxml2,9784,grimoire_structural_WL,inconclusive,GRIM-P,inconclusive,-,-,-
579,libxml2,9841,i2s_vp_L_W_,validated,VP-P,vp_gradient_assembly_depth,vp_corpus_drives_sanitize_loop_deeper,2,2026-06-18
580,libxml2,12282,ctx_coverage_WL,inconclusive,CTX-P,inconclusive,-,-,-
581,libxml2,13869,grimoire_structural_WL,inconclusive,GRIM-P,inconclusive,-,-,-
582,libxml2,15063,grimoire_structural_WL,inconclusive,GRIM-P,inconclusive,-,-,-
583,openthread,13300,i2s_vp_LWLW,inconclusive,I2S-A,inconclusive,-,-,-
584,openthread,13302,i2s_vp_LWLW,inconclusive,I2S-A,inconclusive,-,-,-
585,openthread,13311,i2s_vp_W_WL,validated,I2S-P,i2s_string_literal_substitution,i2s_fixed_offset_literal_substitution,0,2026-06-12
586,openthread,13313,i2s_vp_W_WL,validated,I2S-P,i2s_numeric_tag_substitution,i2s_fixed_offset_literal_substitution,0,2026-06-12
587,openthread,13320,i2s_vp_W_WL,validated,I2S-P,i2s_numeric_tag_substitution,i2s_fixed_offset_literal_substitution,0,2026-06-12
588,openthread,13321,i2s_vp_W_WL,validated,I2S-P,i2s_numeric_tag_substitution,i2s_fixed_offset_literal_substitution,0,2026-06-12
589,openthread,13326,i2s_vp_W_WL,validated,I2S-P,i2s_numeric_tag_substitution,i2s_fixed_offset_literal_substitution,0,2026-06-12
590,openthread,13333,i2s_vp_W_WL,validated,I2S-P,i2s_numeric_tag_substitution,i2s_fixed_offset_literal_substitution,0,2026-06-12
591,openthread,13335,i2s_vp_W_WL,validated,I2S-P,i2s_string_literal_substitution,i2s_fixed_offset_literal_substitution,0,2026-06-12
592,openthread,13337,i2s_vp_W_WL,validated,I2S-P,i2s_string_literal_substitution,i2s_fixed_offset_literal_substitution,0,2026-06-12
593,openthread,13349,i2s_vp_LW_W,validated,I2S-A,i2s_anti_target_depletion,i2s_decoy_substitution_target_depletion,0,2026-06-12
594,openthread,13380,i2s_vp_WLWL,validated,I2S-P,i2s_string_literal_substitution,i2s_fixed_offset_literal_value_gate,0,2026-06-12
595,openthread,13389,i2s_vp_W_WL,validated,I2S-P,i2s_numeric_tag_substitution,i2s_fixed_offset_literal_substitution,0,2026-06-12
596,openthread,13390,i2s_vp_W_WL,validated,I2S-P,i2s_numeric_tag_substitution,i2s_fixed_offset_literal_substitution,0,2026-06-12
597,openthread,13391,i2s_vp_LW_W,validated,I2S-A,i2s_anti_target_depletion,i2s_decoy_substitution_target_depletion,0,2026-06-12
598,sqlite3,14163,i2s_vp_LWLL,validated,VP-P,vp_gradient_value_distance_closure,vp_gradient_distance_climb,0,2026-06-12
599,sqlite3,14233,i2s_vp_L_WL,validated,VP-P,vp_gradient_value_distance_closure,vp_gradient_value_distance_climb,0,2026-06-12
600,sqlite3,14408,i2s_vp__WWL,validated,VP-P,vp_gradient_value_distance_closure,vp_cmpmap_distance_closure_fixed_operand,0,2026-06-12
601,sqlite3,14437,i2s_vp_LWWL,validated,VP-P,vp_gradient_value_distance_closure,vp_gradient_scalar_operand_distance,0,2026-06-12
602,sqlite3,14438,i2s_vp_LW_L,validated,VP-P,vp_gradient_assembly_depth,vp_drives_parser_depth_into_structured_true_side,0,2026-06-12
603,sqlite3,14451,calibrated_energy_WL,inconclusive,CALI-P,inconclusive,-,-,-
604,sqlite3,14451,i2s_vp_WWWL,validated,VP-P,vp_gradient_value_distance_closure,cmp_gradient_closes_to_operand,1,2026-06-18
605,sqlite3,14452,i2s_vp_LWLL,validated,VP-P,vp_gradient_assembly_depth,vp_drives_gate_deeper_per_seed,2,2026-06-18
606,sqlite3,14475,i2s_vp_LWWL,inconclusive,VP-P,inconclusive,-,-,-
607,sqlite3,14479,i2s_vp_LWWL,inconclusive,VP-P,inconclusive,-,-,-
608,sqlite3,14493,i2s_vp_LWW_,inconclusive,VP-P,inconclusive,-,-,-
609,sqlite3,14503,i2s_vp__WWL,validated,VP-P,vp_gradient_assembly_depth,vp_admits_token_dense_corpus,1,2026-06-18
610,sqlite3,14518,i2s_vp_LWLL,validated,VP-P,vp_gradient_assembly_depth,vp_drives_gate_deeper_per_seed,2,2026-06-18
611,sqlite3,14520,calibrated_energy_WL,inconclusive,CALI-P,inconclusive,-,-,-
612,sqlite3,14535,ctx_coverage_WL,inconclusive,CTX-P,inconclusive,-,-,-
613,sqlite3,14549,i2s_vp_W_WL,validated,I2S-P,i2s_string_literal_substitution,i2s_fixed_offset_literal_substitution,0,2026-06-14
614,sqlite3,14563,calibrated_energy_WL,inconclusive,CALI-P,inconclusive,-,-,-
615,sqlite3,14563,i2s_vp_WW_L,inconclusive,I2S-P,inconclusive,-,-,-
616,sqlite3,14563,i2s_vp_WW_L,inconclusive,VP-P,inconclusive,-,-,-
617,sqlite3,14577,i2s_vp_LWLL,inconclusive,I2S-A,inconclusive,-,-,-
618,sqlite3,14577,i2s_vp_LWLL,inconclusive,VP-P,inconclusive,-,-,-
619,sqlite3,14588,i2s_vp__WWL,validated,VP-P,vp_gradient_assembly_depth,vp_admits_token_dense_corpus,1,2026-06-18
620,sqlite3,14589,i2s_vp_LWWL,inconclusive,VP-P,inconclusive,-,-,-
621,sqlite3,14623,i2s_vp_LWWL,inconclusive,VP-P,inconclusive,-,-,-
622,sqlite3,14658,i2s_vp__WWL,validated,VP-P,vp_gradient_assembly_depth,vp_admits_token_dense_corpus,1,2026-06-18
623,sqlite3,14675,i2s_vp_LWWL,inconclusive,VP-P,inconclusive,-,-,-
624,sqlite3,14745,ctx_coverage_WL,inconclusive,CTX-P,inconclusive,-,-,-
625,sqlite3,14745,i2s_vp__WWL,validated,VP-P,vp_gradient_assembly_depth,vp_admits_larger_valid_structure,1,2026-06-18
626,sqlite3,14748,mopt_mutation_LW,inconclusive,MOPT-A,inconclusive,-,-,-
627,sqlite3,14762,ctx_coverage_WL,inconclusive,CTX-P,inconclusive,-,-,-
628,sqlite3,14765,i2s_vp_LWWL,inconclusive,VP-P,inconclusive,-,-,-
629,sqlite3,14777,i2s_vp_LW_L,inconclusive,VP-P,inconclusive,-,-,-
630,sqlite3,14786,i2s_vp_L_WL,validated,VP-P,vp_gradient_value_distance_closure,vp_gradient_value_distance_climb,0,2026-06-12
631,sqlite3,14791,i2s_vp_W__L,validated,I2S-P,i2s_string_literal_substitution,i2s_literal_substitution_gate,0,2026-06-14
632,sqlite3,14793,i2s_vp__W_L,inconclusive,VP-P,inconclusive,-,-,-
633,sqlite3,15242,i2s_vp_LW_L,validated,VP-P,vp_gradient_value_distance_closure,vp_climbs_numeric_magnitude_to_threshold,0,2026-06-12
634,sqlite3,15434,ctx_coverage_WL,inconclusive,CTX-P,inconclusive,-,-,-
635,sqlite3,15515,i2s_vp_LW_L,validated,VP-P,vp_gradient_value_distance_closure,vp_enriches_fixed_offset_fourcc_operand,0,2026-06-12
636,sqlite3,16001,i2s_vp_LLW_,validated,VPC-P,joint_value_distance_closure,joint_value_precision,0,2026-06-12
637,sqlite3,16016,i2s_vp_LLW_,validated,VPC-P,joint_value_distance_closure,joint_value_precision,0,2026-06-12
638,sqlite3,16022,i2s_vp_LLW_,validated,VPC-P,joint_value_distance_closure,joint_value_precision,0,2026-06-12
639,sqlite3,16118,i2s_vp_LLW_,validated,VPC-P,joint_value_distance_closure,joint_value_precision,0,2026-06-12
